PaymentMethod,total_payments,total_amount
Credit Card,39942,3.01326247045E9
Debit Card,40005,3.02402304052E9
UPI,40126,3.02517992238E9
Cash,39935,2.9864676013E9
Net Banking,39992,3.01158879726E9
